{
  "trained_at": "2026-07-05 15:19:52",
  "n_train": 611156,
  "n_test": 3404,
  "index_base_month": "2026-07",
  "metrics": {
    "linear": {
      "n": 3404,
      "mae": 211535.6059872155,
      "rmse": 362870.2469455824,
      "mape_pct": 17.189609138700064,
      "median_ape_pct": 13.837453658572652,
      "within_10pct": 37.80846063454759,
      "within_20pct": 67.33254994124559,
      "r2_log": 0.6292428462899866,
      "coverage_90_pct": 93.56639247943596,
      "median_rel_interval_width_pct": 87.17757248987739
    },
    "lightgbm": {
      "n": 3404,
      "mae": 145388.20962552755,
      "rmse": 253559.24088238497,
      "mape_pct": 11.771931371017152,
      "median_ape_pct": 8.74206956182432,
      "within_10pct": 55.434782608695656,
      "within_20pct": 83.46063454759107,
      "r2_log": 0.8206250940960345,
      "coverage_90_pct": 87.7497062279671,
      "median_rel_interval_width_pct": 45.26112055413256
    },
    "knn": {
      "n": 3404,
      "mae": 157481.7948717364,
      "rmse": 281594.26001555537,
      "mape_pct": 12.72631002144575,
      "median_ape_pct": 8.925583681659147,
      "within_10pct": 55.31727379553466,
      "within_20pct": 80.43478260869566,
      "r2_log": 0.7883719589036418,
      "coverage_90_pct": 79.72972972972973,
      "median_rel_interval_width_pct": 39.161577497851106
    },
    "ebm": {
      "n": 3404,
      "mae": 164750.2934832668,
      "rmse": 282184.12108198047,
      "mape_pct": 13.601748781272507,
      "median_ape_pct": 10.302670780158712,
      "within_10pct": 48.67802585193889,
      "within_20pct": 77.2032902467685,
      "r2_log": 0.7741048263078956,
      "coverage_90_pct": 89.30669800235017,
      "median_rel_interval_width_pct": 58.65264449617056
    }
  },
  "files": {
    "worker": [
      "pipeline.json",
      "ebm.json",
      "linear.json",
      "price_index.json"
    ],
    "browser": [
      "lightgbm.json.gz"
    ],
    "d1": "run export_d1.py"
  }
}